location_id,region,state_name,division,citysizerange
0,South,Arkansas,West South Central,"Cities from 10,000 thru 24,999"
1,South,Arkansas,West South Central,"Cities from 2,500 thru 9,999"
2,South,Arkansas,West South Central,"Cities from 50,000 thru 99,999"
3,South,Arkansas,West South Central,"Cities from 100,000 thru 249,999"
4,South,Arkansas,West South Central,"Non-MSA counties under 10,000"
5,West,Arizona,Mountain,"Cities from 500,000 thru 999,999"
6,West,California,Pacific,"Cities from 100,000 thru 249,999"
7,West,Colorado,Mountain,"MSA counties from 25,000 thru 99,999"
8,West,Colorado,Mountain,"Cities from 100,000 thru 249,999"
9,West,Colorado,Mountain,"Cities from 10,000 thru 24,999"
10,West,Colorado,Mountain,"Cities from 50,000 thru 99,999"
11,West,Colorado,Mountain,"Cities from 25,000 thru 49,999"
12,West,Colorado,Mountain,"MSA counties 100,000 or over"
13,West,Colorado,Mountain,"Cities from 2,500 thru 9,999"
14,West,Colorado,Mountain,"Cities under 2,500"
15,West,Colorado,Mountain,"Cities from 250,000 thru 499,999"
16,West,Colorado,Mountain,"Non-MSA counties from 10,000 thru 24,999"
17,Northeast,Connecticut,New England,"Cities from 50,000 thru 99,999"
18,Northeast,Connecticut,New England,"Cities from 25,000 thru 49,999"
19,Northeast,Connecticut,New England,"Cities from 10,000 thru 24,999"
20,Northeast,Connecticut,New England,"Cities from 100,000 thru 249,999"
21,Northeast,Connecticut,New England,"Cities from 2,500 thru 9,999"
22,Northeast,Connecticut,New England,"Non-MSA counties under 10,000"
23,South,District of Columbia,South Atlantic,"Cities from 500,000 thru 999,999"
24,South,Delaware,South Atlantic,"Cities from 25,000 thru 49,999"
25,South,Delaware,South Atlantic,"Cities under 2,500"
26,South,Georgia,South Atlantic,"Cities under 2,500"
27,South,Georgia,South Atlantic,"Cities from 250,000 thru 499,999"
28,Midwest,Iowa,West North Central,"Non-MSA counties under 10,000"
29,Midwest,Iowa,West North Central,"Cities from 2,500 thru 9,999"
30,Midwest,Iowa,West North Central,"Cities from 50,000 thru 99,999"
31,Midwest,Iowa,West North Central,"Cities from 10,000 thru 24,999"
32,Midwest,Iowa,West North Central,"Cities from 100,000 thru 249,999"
33,Midwest,Iowa,West North Central,"Cities from 25,000 thru 49,999"
34,Midwest,Iowa,West North Central,"Cities under 2,500"
35,West,Idaho,Mountain,"Cities from 100,000 thru 249,999"
36,West,Idaho,Mountain,"Cities from 2,500 thru 9,999"
37,West,Idaho,Mountain,"Cities from 25,000 thru 49,999"
38,West,Idaho,Mountain,"Non-MSA counties from 10,000 thru 24,999"
39,West,Idaho,Mountain,"Cities under 2,500"
40,West,Idaho,Mountain,"Cities from 10,000 thru 24,999"
41,Midwest,Illinois,East North Central,"Cities under 2,500"
42,Midwest,Illinois,East North Central,"Cities from 10,000 thru 24,999"
43,Midwest,Illinois,East North Central,"Cities from 25,000 thru 49,999"
44,Midwest,Illinois,East North Central,"Non-MSA counties from 10,000 thru 24,999"
45,Midwest,Illinois,East North Central,"MSA counties 100,000 or over"
46,Midwest,Illinois,East North Central,"Cities from 2,500 thru 9,999"
47,Midwest,Illinois,East North Central,"Cities 1,000,000 or over"
48,Midwest,Kansas,West North Central,"Cities from 10,000 thru 24,999"
49,Midwest,Kansas,West North Central,"MSA counties from 25,000 thru 99,999"
50,Northeast,Massachusetts,New England,"Cities from 10,000 thru 24,999"
51,Northeast,Massachusetts,New England,"Cities from 25,000 thru 49,999"
52,Northeast,Massachusetts,New England,"Cities from 50,000 thru 99,999"
53,Northeast,Massachusetts,New England,"Cities from 2,500 thru 9,999"
54,Northeast,Massachusetts,New England,"Cities under 2,500"
55,Northeast,Massachusetts,New England,"Cities from 100,000 thru 249,999"
56,Northeast,Massachusetts,New England,"Cities from 500,000 thru 999,999"
57,South,Maryland,South Atlantic,"Cities under 2,500"
58,South,Maryland,South Atlantic,"MSA counties 100,000 or over"
59,South,Maryland,South Atlantic,"MSA counties under 10,000"
60,South,Maryland,South Atlantic,"Cities from 2,500 thru 9,999"
61,South,Maryland,South Atlantic,"Cities from 10,000 thru 24,999"
62,South,Maryland,South Atlantic,"MSA counties from 25,000 thru 99,999"
63,South,Maryland,South Atlantic,"Non-MSA counties from 10,000 thru 24,999"
64,South,Maryland,South Atlantic,"Cities from 25,000 thru 49,999"
65,South,Maryland,South Atlantic,"Non-MSA counties under 10,000"
66,South,Maryland,South Atlantic,"Cities from 500,000 thru 999,999"
67,Midwest,Minnesota,West North Central,"Cities from 50,000 thru 99,999"
68,Midwest,Minnesota,West North Central,"Cities from 25,000 thru 49,999"
69,Midwest,Minnesota,West North Central,"MSA counties from 10,000 thru 24,999"
70,Midwest,Minnesota,West North Central,"Non-MSA counties from 10,000 thru 24,999"
71,Midwest,Minnesota,West North Central,"Cities from 10,000 thru 24,999"
72,Midwest,Minnesota,West North Central,"MSA counties under 10,000"
73,Midwest,Minnesota,West North Central,"Cities from 250,000 thru 499,999"
74,Midwest,Minnesota,West North Central,"Cities from 2,500 thru 9,999"
75,Midwest,Minnesota,West North Central,"Cities under 2,500"
76,Midwest,Minnesota,West North Central,"Non-MSA counties under 10,000"
77,Midwest,Missouri,West North Central,"Cities from 50,000 thru 99,999"
78,Midwest,Missouri,West North Central,"Cities from 25,000 thru 49,999"
79,Midwest,Missouri,West North Central,"Cities from 100,000 thru 249,999"
80,Midwest,Missouri,West North Central,"Cities from 2,500 thru 9,999"
81,Midwest,Missouri,West North Central,"Cities from 10,000 thru 24,999"
82,Midwest,Missouri,West North Central,"Cities from 250,000 thru 499,999"
83,South,Mississippi,East South Central,"Cities under 2,500"
84,Northeast,New Jersey,Middle Atlantic,"Cities from 2,500 thru 9,999"
85,Northeast,New Jersey,Middle Atlantic,"Cities from 25,000 thru 49,999"
86,Northeast,New Jersey,Middle Atlantic,"Cities from 10,000 thru 24,999"
87,Northeast,New Jersey,Middle Atlantic,"Cities under 2,500"
88,Northeast,New Jersey,Middle Atlantic,"Cities from 50,000 thru 99,999"
89,Northeast,New Jersey,Middle Atlantic,"Cities from 100,000 thru 249,999"
90,Northeast,New Jersey,Middle Atlantic,"Cities from 250,000 thru 499,999"
91,West,Nevada,Mountain,"Cities from 500,000 thru 999,999"
92,Northeast,New York,Middle Atlantic,"Cities from 100,000 thru 249,999"
93,Northeast,New York,Middle Atlantic,"Cities from 25,000 thru 49,999"
94,Northeast,New York,Middle Atlantic,"Cities from 50,000 thru 99,999"
95,Northeast,New York,Middle Atlantic,"MSA counties from 25,000 thru 99,999"
96,Northeast,New York,Middle Atlantic,"MSA counties 100,000 or over"
97,Northeast,New York,Middle Atlantic,"Cities from 250,000 thru 499,999"
98,Northeast,New York,Middle Atlantic,"Cities from 10,000 thru 24,999"
99,Northeast,New York,Middle Atlantic,"Cities 1,000,000 or over"
100,Northeast,New York,Middle Atlantic,"Cities from 2,500 thru 9,999"
101,Northeast,New York,Middle Atlantic,"Cities under 2,500"
102,Northeast,New York,Middle Atlantic,"MSA counties under 10,000"
103,Northeast,New York,Middle Atlantic,"Non-MSA counties under 10,000"
104,Midwest,Ohio,East North Central,"Cities from 25,000 thru 49,999"
105,Midwest,Ohio,East North Central,"Cities from 10,000 thru 24,999"
106,Midwest,Ohio,East North Central,"Cities under 2,500"
107,Midwest,Ohio,East North Central,"MSA counties 100,000 or over"
108,Midwest,Ohio,East North Central,"Cities from 2,500 thru 9,999"
109,Midwest,Ohio,East North Central,"Cities from 50,000 thru 99,999"
110,Midwest,Ohio,East North Central,"Cities from 250,000 thru 499,999"
111,Midwest,Ohio,East North Central,"Non-MSA counties under 10,000"
112,South,Oklahoma,West South Central,"Cities from 2,500 thru 9,999"
113,South,Oklahoma,West South Central,"Cities from 10,000 thru 24,999"
114,South,Oklahoma,West South Central,"Cities from 25,000 thru 49,999"
115,South,Oklahoma,West South Central,"Cities from 250,000 thru 499,999"
116,West,Oregon,Pacific,"Cities from 25,000 thru 49,999"
117,West,Oregon,Pacific,"Cities from 10,000 thru 24,999"
118,West,Oregon,Pacific,"Non-MSA counties from 25,000 thru 99,999"
119,West,Oregon,Pacific,"Non-MSA counties under 10,000"
120,West,Oregon,Pacific,"Cities from 2,500 thru 9,999"
121,West,Oregon,Pacific,"MSA counties from 25,000 thru 99,999"
122,West,Oregon,Pacific,"MSA counties under 10,000"
123,West,Oregon,Pacific,"Cities from 100,000 thru 249,999"
124,West,Oregon,Pacific,"Cities from 50,000 thru 99,999"
125,West,Oregon,Pacific,"Cities from 250,000 thru 499,999"
126,West,Oregon,Pacific,"MSA counties 100,000 or over"
127,Northeast,Pennsylvania,Middle Atlantic,"MSA counties under 10,000"
128,Northeast,Pennsylvania,Middle Atlantic,"Cities from 25,000 thru 49,999"
129,Northeast,Pennsylvania,Middle Atlantic,"Cities from 10,000 thru 24,999"
130,Northeast,Pennsylvania,Middle Atlantic,"Cities from 2,500 thru 9,999"
131,Northeast,Pennsylvania,Middle Atlantic,"Cities from 50,000 thru 99,999"
132,Northeast,Pennsylvania,Middle Atlantic,"MSA counties from 25,000 thru 99,999"
133,Northeast,Pennsylvania,Middle Atlantic,"MSA counties 100,000 or over"
134,Northeast,Pennsylvania,Middle Atlantic,"Cities under 2,500"
135,Northeast,Pennsylvania,Middle Atlantic,"Cities 1,000,000 or over"
136,Northeast,Pennsylvania,Middle Atlantic,"Cities from 250,000 thru 499,999"
137,South,Tennessee,East South Central,"MSA counties 100,000 or over"
138,South,Texas,West South Central,"MSA counties from 10,000 thru 24,999"
139,South,Texas,West South Central,"Cities 1,000,000 or over"
140,South,Virginia,South Atlantic,"Cities under 2,500"
141,South,Virginia,South Atlantic,"MSA counties 100,000 or over"
142,South,Virginia,South Atlantic,"Cities from 2,500 thru 9,999"
143,South,Virginia,South Atlantic,"Cities from 25,000 thru 49,999"
144,South,Virginia,South Atlantic,"MSA counties from 25,000 thru 99,999"
145,South,Virginia,South Atlantic,"Non-MSA counties under 10,000"
146,South,Virginia,South Atlantic,"Cities from 100,000 thru 249,999"
147,South,Virginia,South Atlantic,"Cities from 50,000 thru 99,999"
148,South,Virginia,South Atlantic,"Cities from 10,000 thru 24,999"
149,South,Virginia,South Atlantic,"Cities from 250,000 thru 499,999"
150,West,Washington,Pacific,"Cities from 2,500 thru 9,999"
151,West,Washington,Pacific,"Cities from 10,000 thru 24,999"
152,West,Washington,Pacific,"MSA counties 100,000 or over"
153,West,Washington,Pacific,"Cities from 50,000 thru 99,999"
154,West,Washington,Pacific,"Cities from 25,000 thru 49,999"
155,West,Washington,Pacific,"Cities under 2,500"
156,West,Washington,Pacific,"Cities from 100,000 thru 249,999"
157,West,Washington,Pacific,"MSA counties from 25,000 thru 99,999"
158,West,Washington,Pacific,"Cities from 500,000 thru 999,999"
159,West,Washington,Pacific,"Non-MSA counties under 10,000"
160,Midwest,Wisconsin,East North Central,"Non-MSA counties from 25,000 thru 99,999"
161,Midwest,Wisconsin,East North Central,"Cities from 50,000 thru 99,999"
162,Midwest,Wisconsin,East North Central,"MSA counties from 25,000 thru 99,999"
163,Midwest,Wisconsin,East North Central,"Cities under 2,500"
164,Midwest,Wisconsin,East North Central,"Cities from 2,500 thru 9,999"
165,Midwest,Wisconsin,East North Central,"Cities from 10,000 thru 24,999"
166,Midwest,Wisconsin,East North Central,"Cities from 25,000 thru 49,999"
167,Midwest,Wisconsin,East North Central,"MSA counties under 10,000"
168,Midwest,Wisconsin,East North Central,"Non-MSA counties from 10,000 thru 24,999"
169,South,Alabama,East South Central,"MSA counties 100,000 or over"
170,South,Alabama,East South Central,"Cities from 2,500 thru 9,999"
171,South,Alabama,East South Central,"Cities under 2,500"
172,South,Alabama,East South Central,"Cities from 10,000 thru 24,999"
173,South,Arkansas,West South Central,"Non-MSA counties from 10,000 thru 24,999"
174,South,Arkansas,West South Central,"Cities from 25,000 thru 49,999"
175,South,Arkansas,West South Central,"Non-MSA counties from 25,000 thru 99,999"
176,West,Arizona,Mountain,"Cities from 25,000 thru 49,999"
177,West,Arizona,Mountain,"Cities under 2,500"
178,West,Arizona,Mountain,"Cities from 100,000 thru 249,999"
179,West,Arizona,Mountain,"Cities from 250,000 thru 499,999"
180,West,Arizona,Mountain,"Cities from 2,500 thru 9,999"
181,West,Arizona,Mountain,"Non-MSA counties under 10,000"
182,West,California,Pacific,"Cities under 2,500"
183,West,California,Pacific,"Cities from 500,000 thru 999,999"
184,West,Colorado,Mountain,"Non-MSA counties under 10,000"
185,Northeast,Connecticut,New England,"Cities under 2,500"
186,South,Delaware,South Atlantic,"MSA counties 100,000 or over"
187,South,Delaware,South Atlantic,"Cities from 50,000 thru 99,999"
188,South,Delaware,South Atlantic,"MSA counties from 25,000 thru 99,999"
189,South,Delaware,South Atlantic,"MSA counties under 10,000"
190,South,Delaware,South Atlantic,"Non-MSA counties from 25,000 thru 99,999"
191,South,Florida,South Atlantic,"MSA counties from 25,000 thru 99,999"
192,South,Florida,South Atlantic,"Cities from 50,000 thru 99,999"
193,South,Florida,South Atlantic,"Cities from 25,000 thru 49,999"
194,South,Florida,South Atlantic,"MSA counties 100,000 or over"
195,South,Florida,South Atlantic,"Cities from 10,000 thru 24,999"
196,South,Florida,South Atlantic,"Cities from 100,000 thru 249,999"
197,South,Florida,South Atlantic,"Cities from 2,500 thru 9,999"
198,South,Florida,South Atlantic,"Non-MSA counties from 25,000 thru 99,999"
199,South,Florida,South Atlantic,"Cities from 250,000 thru 499,999"
200,South,Florida,South Atlantic,"Cities from 500,000 thru 999,999"
201,South,Florida,South Atlantic,"Non-MSA counties under 10,000"
202,South,Florida,South Atlantic,"Non-MSA counties from 10,000 thru 24,999"
203,South,Florida,South Atlantic,"Cities under 2,500"
204,South,Georgia,South Atlantic,"Cities from 2,500 thru 9,999"
205,Midwest,Iowa,West North Central,"Non-MSA counties from 10,000 thru 24,999"
206,Midwest,Iowa,West North Central,"MSA counties from 25,000 thru 99,999"
207,West,Idaho,Mountain,"MSA counties from 25,000 thru 99,999"
208,West,Idaho,Mountain,"Non-MSA counties from 25,000 thru 99,999"
209,Midwest,Illinois,East North Central,"Cities from 50,000 thru 99,999"
210,Midwest,Illinois,East North Central,"Non-MSA counties under 10,000"
211,Midwest,Illinois,East North Central,"Cities from 100,000 thru 249,999"
212,Midwest,Indiana,East North Central,"Cities from 10,000 thru 24,999"
213,Midwest,Indiana,East North Central,"Cities from 50,000 thru 99,999"
214,Midwest,Indiana,East North Central,"Cities from 100,000 thru 249,999"
215,South,Kentucky,East South Central,"MSA counties 100,000 or over"
216,South,Louisiana,West South Central,"Cities from 100,000 thru 249,999"
217,South,Louisiana,West South Central,"Cities from 500,000 thru 999,999"
218,South,Maryland,South Atlantic,"Non-MSA counties from 25,000 thru 99,999"
219,Northeast,Maine,New England,"MSA counties from 10,000 thru 24,999"
220,Northeast,Maine,New England,"Cities from 25,000 thru 49,999"
221,Northeast,Maine,New England,"Cities from 50,000 thru 99,999"
222,Northeast,Maine,New England,"Cities from 10,000 thru 24,999"
223,Northeast,Maine,New England,"Cities under 2,500"
224,Northeast,Maine,New England,"Cities from 2,500 thru 9,999"
225,Northeast,Maine,New England,"Non-MSA counties from 10,000 thru 24,999"
226,Midwest,Michigan,East North Central,"Cities from 10,000 thru 24,999"
227,Midwest,Michigan,East North Central,"Cities from 100,000 thru 249,999"
228,Midwest,Michigan,East North Central,"Cities under 2,500"
229,Midwest,Michigan,East North Central,"Cities from 25,000 thru 49,999"
230,Midwest,Michigan,East North Central,"MSA counties from 25,000 thru 99,999"
231,Midwest,Michigan,East North Central,"Cities from 50,000 thru 99,999"
232,Midwest,Michigan,East North Central,"MSA counties 100,000 or over"
233,Midwest,Michigan,East North Central,"Cities from 2,500 thru 9,999"
234,Midwest,Missouri,West North Central,"MSA counties 100,000 or over"
235,South,North Carolina,South Atlantic,"Cities under 2,500"
236,Midwest,North Dakota,West North Central,"Cities from 25,000 thru 49,999"
237,Northeast,New Jersey,Middle Atlantic,"MSA counties from 10,000 thru 24,999"
238,Northeast,New Jersey,Middle Atlantic,"MSA counties under 10,000"
239,Northeast,New Jersey,Middle Atlantic,"MSA counties from 25,000 thru 99,999"
240,West,Nevada,Mountain,"MSA counties from 25,000 thru 99,999"
241,Northeast,New York,Middle Atlantic,"Non-MSA counties from 25,000 thru 99,999"
242,Midwest,Ohio,East North Central,"Cities from 100,000 thru 249,999"
243,South,Oklahoma,West South Central,"Cities under 2,500"
244,South,Oklahoma,West South Central,"Cities from 50,000 thru 99,999"
245,South,Oklahoma,West South Central,"MSA counties from 25,000 thru 99,999"
246,West,Oregon,Pacific,"Non-MSA counties from 10,000 thru 24,999"
247,West,Oregon,Pacific,"Cities under 2,500"
248,Northeast,Rhode Island,New England,"Cities from 10,000 thru 24,999"
249,Northeast,Rhode Island,New England,"Cities from 25,000 thru 49,999"
250,Northeast,Rhode Island,New England,"Cities from 50,000 thru 99,999"
251,Northeast,Rhode Island,New England,"Cities from 100,000 thru 249,999"
252,Northeast,Rhode Island,New England,"Cities from 2,500 thru 9,999"
253,Northeast,Rhode Island,New England,"Cities under 2,500"
254,Northeast,Rhode Island,New England,"Non-MSA counties under 10,000"
255,South,South Carolina,South Atlantic,"MSA counties from 25,000 thru 99,999"
256,South,South Carolina,South Atlantic,"Cities from 10,000 thru 24,999"
257,South,South Carolina,South Atlantic,"Cities from 25,000 thru 49,999"
258,South,Tennessee,East South Central,"Cities from 2,500 thru 9,999"
259,South,Texas,West South Central,"Non-MSA counties from 25,000 thru 99,999"
260,South,Texas,West South Central,"Cities from 10,000 thru 24,999"
261,South,Texas,West South Central,"Cities under 2,500"
262,South,Texas,West South Central,"Cities from 2,500 thru 9,999"
263,South,Texas,West South Central,"Cities from 50,000 thru 99,999"
264,South,Texas,West South Central,"Non-MSA counties under 10,000"
265,South,Texas,West South Central,"Non-MSA counties from 10,000 thru 24,999"
266,South,Texas,West South Central,"Cities from 100,000 thru 249,999"
267,South,Texas,West South Central,"Cities from 25,000 thru 49,999"
268,South,Texas,West South Central,"MSA counties from 25,000 thru 99,999"
269,South,Texas,West South Central,"Cities from 500,000 thru 999,999"
270,South,Texas,West South Central,"MSA counties 100,000 or over"
271,South,Texas,West South Central,"MSA counties under 10,000"
272,South,Texas,West South Central,"Cities from 250,000 thru 499,999"
273,West,Utah,Mountain,"Cities from 10,000 thru 24,999"
274,West,Utah,Mountain,"Cities from 25,000 thru 49,999"
275,West,Utah,Mountain,"Cities from 100,000 thru 249,999"
276,West,Utah,Mountain,"Cities from 50,000 thru 99,999"
277,West,Utah,Mountain,"Cities from 2,500 thru 9,999"
278,West,Washington,Pacific,"Non-MSA counties from 10,000 thru 24,999"
279,West,Washington,Pacific,"Non-MSA counties from 25,000 thru 99,999"
280,Midwest,Wisconsin,East North Central,"MSA counties from 10,000 thru 24,999"
281,Midwest,Wisconsin,East North Central,"Cities from 100,000 thru 249,999"
282,Midwest,Wisconsin,East North Central,"Cities from 500,000 thru 999,999"
283,West,Wyoming,Mountain,"Cities from 25,000 thru 49,999"
284,West,Alaska,Pacific,"Cities from 250,000 thru 499,999"
285,South,Alabama,East South Central,"Cities from 250,000 thru 499,999"
286,South,Alabama,East South Central,"Cities from 100,000 thru 249,999"
287,South,Arkansas,West South Central,"Cities under 2,500"
288,West,Arizona,Mountain,"Cities 1,000,000 or over"
289,West,California,Pacific,"MSA counties 100,000 or over"
290,West,California,Pacific,"Cities from 25,000 thru 49,999"
291,West,California,Pacific,"Cities from 50,000 thru 99,999"
292,South,Delaware,South Atlantic,"Cities from 2,500 thru 9,999"
293,West,Idaho,Mountain,"Non-MSA counties under 10,000"
294,Midwest,Illinois,East North Central,"MSA counties from 10,000 thru 24,999"
295,Midwest,Illinois,East North Central,"MSA counties from 25,000 thru 99,999"
296,Midwest,Illinois,East North Central,"MSA counties under 10,000"
297,Midwest,Indiana,East North Central,"Non-MSA counties from 10,000 thru 24,999"
298,Midwest,Indiana,East North Central,"Cities under 2,500"
299,Midwest,Indiana,East North Central,"Cities from 25,000 thru 49,999"
300,South,Kentucky,East South Central,"Cities from 25,000 thru 49,999"
301,South,Louisiana,West South Central,"MSA counties from 25,000 thru 99,999"
302,South,Louisiana,West South Central,"Cities from 50,000 thru 99,999"
303,South,Louisiana,West South Central,"Cities under 2,500"
304,South,Louisiana,West South Central,"Cities from 250,000 thru 499,999"
305,Northeast,Massachusetts,New England,"MSA counties under 10,000"
306,Midwest,Michigan,East North Central,"Non-MSA counties from 10,000 thru 24,999"
307,Midwest,Michigan,East North Central,"Non-MSA counties from 25,000 thru 99,999"
308,Midwest,Michigan,East North Central,"Non-MSA counties under 10,000"
309,Midwest,Michigan,East North Central,"Cities 1,000,000 or over"
310,Midwest,Missouri,West North Central,"MSA counties from 25,000 thru 99,999"
311,Midwest,Missouri,West North Central,"Cities under 2,500"
312,West,Montana,Mountain,"Cities from 25,000 thru 49,999"
313,West,Montana,Mountain,"Non-MSA counties from 25,000 thru 99,999"
314,West,Montana,Mountain,"MSA counties from 25,000 thru 99,999"
315,West,Montana,Mountain,"Cities from 50,000 thru 99,999"
316,South,North Carolina,South Atlantic,"Cities from 100,000 thru 249,999"
317,South,North Carolina,South Atlantic,"Cities from 50,000 thru 99,999"
318,South,North Carolina,South Atlantic,"Non-MSA counties from 25,000 thru 99,999"
319,South,North Carolina,South Atlantic,"Cities from 25,000 thru 49,999"
320,Midwest,North Dakota,West North Central,"Non-MSA counties under 10,000"
321,West,New Mexico,Mountain,"Cities from 250,000 thru 499,999"
322,Midwest,Ohio,East North Central,"Non-MSA counties from 25,000 thru 99,999"
323,Midwest,Ohio,East North Central,"Cities from 500,000 thru 999,999"
324,Northeast,Pennsylvania,Middle Atlantic,"Non-MSA counties from 25,000 thru 99,999"
325,Northeast,Pennsylvania,Middle Atlantic,"Cities from 100,000 thru 249,999"
326,Northeast,Rhode Island,New England,"MSA counties under 10,000"
327,South,South Carolina,South Atlantic,"Cities from 2,500 thru 9,999"
328,South,South Carolina,South Atlantic,"Non-MSA counties from 25,000 thru 99,999"
329,South,South Carolina,South Atlantic,"Cities from 50,000 thru 99,999"
330,South,South Carolina,South Atlantic,"Cities under 2,500"
331,South,South Carolina,South Atlantic,"MSA counties 100,000 or over"
332,Midwest,South Dakota,West North Central,"Non-MSA counties under 10,000"
333,Midwest,South Dakota,West North Central,"Cities from 100,000 thru 249,999"
334,Midwest,South Dakota,West North Central,"Cities from 50,000 thru 99,999"
335,West,Utah,Mountain,"Cities under 2,500"
336,West,Utah,Mountain,"MSA counties from 10,000 thru 24,999"
337,Northeast,Vermont,New England,"MSA counties under 10,000"
338,West,Wyoming,Mountain,"Cities under 2,500"
339,West,Wyoming,Mountain,"Cities from 2,500 thru 9,999"
340,West,Wyoming,Mountain,"Non-MSA counties under 10,000"
341,South,Arkansas,West South Central,"MSA counties from 25,000 thru 99,999"
342,West,Arizona,Mountain,"Cities from 50,000 thru 99,999"
343,West,Arizona,Mountain,"MSA counties 100,000 or over"
344,West,Arizona,Mountain,"Cities from 10,000 thru 24,999"
345,West,Arizona,Mountain,"Non-MSA counties from 25,000 thru 99,999"
346,West,California,Pacific,"MSA counties from 25,000 thru 99,999"
347,West,Colorado,Mountain,"Cities from 500,000 thru 999,999"
348,South,Florida,South Atlantic,"MSA counties under 10,000"
349,West,Idaho,Mountain,"Cities from 50,000 thru 99,999"
350,Midwest,Indiana,East North Central,"Cities from 2,500 thru 9,999"
351,Midwest,Indiana,East North Central,"MSA counties 100,000 or over"
352,Midwest,Indiana,East North Central,"MSA counties from 10,000 thru 24,999"
353,South,Kentucky,East South Central,"Cities from 2,500 thru 9,999"
354,South,Kentucky,East South Central,"Cities from 100,000 thru 249,999"
355,South,Kentucky,East South Central,"Cities under 2,500"
356,Midwest,Missouri,West North Central,"Non-MSA counties from 10,000 thru 24,999"
357,South,Mississippi,East South Central,"Cities from 25,000 thru 49,999"
358,South,Mississippi,East South Central,"Cities from 10,000 thru 24,999"
359,South,Mississippi,East South Central,"MSA counties from 25,000 thru 99,999"
360,South,Mississippi,East South Central,"Cities from 2,500 thru 9,999"
361,South,Mississippi,East South Central,"Non-MSA counties from 10,000 thru 24,999"
362,South,North Carolina,South Atlantic,"Non-MSA counties from 10,000 thru 24,999"
363,South,North Carolina,South Atlantic,"MSA counties 100,000 or over"
364,South,North Carolina,South Atlantic,"MSA counties from 25,000 thru 99,999"
365,Midwest,North Dakota,West North Central,"Cities under 2,500"
366,Midwest,North Dakota,West North Central,"Cities from 10,000 thru 24,999"
367,Northeast,New Hampshire,New England,"Cities from 50,000 thru 99,999"
368,West,New Mexico,Mountain,"MSA counties from 25,000 thru 99,999"
369,West,New Mexico,Mountain,"Cities from 50,000 thru 99,999"
370,West,Nevada,Mountain,"Cities from 2,500 thru 9,999"
371,West,Nevada,Mountain,"Cities from 100,000 thru 249,999"
372,West,Nevada,Mountain,"Cities under 2,500"
373,Midwest,Ohio,East North Central,"MSA counties from 25,000 thru 99,999"
374,Northeast,Pennsylvania,Middle Atlantic,"Non-MSA counties from 10,000 thru 24,999"
375,South,South Carolina,South Atlantic,"Non-MSA counties from 10,000 thru 24,999"
376,South,Tennessee,East South Central,"Cities from 25,000 thru 49,999"
377,South,Tennessee,East South Central,"Cities under 2,500"
378,West,Utah,Mountain,"Non-MSA counties from 25,000 thru 99,999"
379,West,Utah,Mountain,"Non-MSA counties under 10,000"
380,South,Virginia,South Atlantic,"Non-MSA counties from 25,000 thru 99,999"
381,South,Virginia,South Atlantic,"MSA counties under 10,000"
382,Northeast,Vermont,New England,"Cities from 2,500 thru 9,999"
383,Northeast,Vermont,New England,"Cities under 2,500"
384,Northeast,Vermont,New England,"Cities from 10,000 thru 24,999"
385,Northeast,Vermont,New England,"Non-MSA counties under 10,000"
386,West,Wyoming,Mountain,"Non-MSA counties from 10,000 thru 24,999"
387,West,Wyoming,Mountain,"Cities from 10,000 thru 24,999"
388,West,Arizona,Mountain,"MSA counties from 25,000 thru 99,999"
389,West,California,Pacific,"Cities from 250,000 thru 499,999"
390,West,California,Pacific,"Cities from 10,000 thru 24,999"
391,West,California,Pacific,"Non-MSA counties under 10,000"
392,West,California,Pacific,"Cities from 2,500 thru 9,999"
393,West,California,Pacific,"Non-MSA counties from 25,000 thru 99,999"
394,West,California,Pacific,"Cities 1,000,000 or over"
395,West,California,Pacific,"MSA counties under 10,000"
396,West,California,Pacific,"MSA counties from 10,000 thru 24,999"
397,Midwest,Indiana,East North Central,"MSA counties from 25,000 thru 99,999"
398,South,Kentucky,East South Central,"MSA counties under 10,000"
399,South,Kentucky,East South Central,"Cities from 10,000 thru 24,999"
400,South,Kentucky,East South Central,"Cities from 50,000 thru 99,999"
401,South,Kentucky,East South Central,"Cities from 250,000 thru 499,999"
402,South,Kentucky,East South Central,"Non-MSA counties under 10,000"
403,South,Louisiana,West South Central,"Non-MSA counties from 10,000 thru 24,999"
404,South,Louisiana,West South Central,"Cities from 2,500 thru 9,999"
405,Northeast,Maine,New England,"Non-MSA counties from 25,000 thru 99,999"
406,Midwest,Michigan,East North Central,"MSA counties under 10,000"
407,Midwest,Michigan,East North Central,"Cities from 500,000 thru 999,999"
408,Midwest,Minnesota,West North Central,"MSA counties from 25,000 thru 99,999"
409,West,Montana,Mountain,"Cities from 2,500 thru 9,999"
410,South,North Carolina,South Atlantic,"Cities from 2,500 thru 9,999"
411,South,North Carolina,South Atlantic,"MSA counties from 10,000 thru 24,999"
412,West,New Mexico,Mountain,"Cities under 2,500"
413,West,New Mexico,Mountain,"Cities from 25,000 thru 49,999"
414,West,New Mexico,Mountain,"Non-MSA counties from 25,000 thru 99,999"
415,West,New Mexico,Mountain,"Cities from 2,500 thru 9,999"
416,Midwest,Ohio,East North Central,"Non-MSA counties from 10,000 thru 24,999"
417,Midwest,South Dakota,West North Central,"Cities from 10,000 thru 24,999"
418,Midwest,South Dakota,West North Central,"MSA counties from 10,000 thru 24,999"
419,South,Tennessee,East South Central,"MSA counties from 25,000 thru 99,999"
420,South,Tennessee,East South Central,"Cities from 10,000 thru 24,999"
421,West,Utah,Mountain,"Non-MSA counties from 10,000 thru 24,999"
422,South,Virginia,South Atlantic,"Non-MSA counties from 10,000 thru 24,999"
423,Northeast,Vermont,New England,"Non-MSA counties from 10,000 thru 24,999"
424,Northeast,Vermont,New England,"Non-MSA counties from 25,000 thru 99,999"
425,West,California,Pacific,"Non-MSA counties from 10,000 thru 24,999"
426,Midwest,Iowa,West North Central,"MSA counties from 10,000 thru 24,999"
427,Midwest,Kansas,West North Central,"Cities from 250,000 thru 499,999"
428,South,Kentucky,East South Central,"MSA counties from 25,000 thru 99,999"
429,South,Kentucky,East South Central,"MSA counties from 10,000 thru 24,999"
430,South,Kentucky,East South Central,"Non-MSA counties from 10,000 thru 24,999"
431,South,Louisiana,West South Central,"Cities from 10,000 thru 24,999"
432,Northeast,Maine,New England,"Non-MSA counties under 10,000"
433,West,Montana,Mountain,"MSA counties from 10,000 thru 24,999"
434,West,Montana,Mountain,"Cities under 2,500"
435,Midwest,Nebraska,West North Central,"Non-MSA counties from 10,000 thru 24,999"
436,Midwest,Nebraska,West North Central,"Cities from 10,000 thru 24,999"
437,South,North Carolina,South Atlantic,"Cities from 10,000 thru 24,999"
438,Midwest,North Dakota,West North Central,"MSA counties from 10,000 thru 24,999"
439,Northeast,New Hampshire,New England,"Non-MSA counties under 10,000"
440,West,New Mexico,Mountain,"Cities from 10,000 thru 24,999"
441,Midwest,South Dakota,West North Central,"Cities from 2,500 thru 9,999"
442,South,Tennessee,East South Central,"Cities from 100,000 thru 249,999"
443,South,Tennessee,East South Central,"Cities from 50,000 thru 99,999"
444,South,West Virginia,South Atlantic,"Cities under 2,500"
445,South,West Virginia,South Atlantic,"Cities from 2,500 thru 9,999"
446,Midwest,Indiana,East North Central,"Non-MSA counties from 25,000 thru 99,999"
447,South,Louisiana,West South Central,"MSA counties from 10,000 thru 24,999"
448,Midwest,Missouri,West North Central,"MSA counties from 10,000 thru 24,999"
449,West,Montana,Mountain,"Non-MSA counties under 10,000"
450,Midwest,Nebraska,West North Central,"Cities from 25,000 thru 49,999"
451,Midwest,North Dakota,West North Central,"Cities from 50,000 thru 99,999"
452,West,Nevada,Mountain,"Cities from 50,000 thru 99,999"
453,West,Nevada,Mountain,"Non-MSA counties from 25,000 thru 99,999"
454,West,Nevada,Mountain,"Non-MSA counties under 10,000"
455,South,Oklahoma,West South Central,"Non-MSA counties from 10,000 thru 24,999"
456,Midwest,South Dakota,West North Central,"Cities under 2,500"
457,South,Tennessee,East South Central,"Non-MSA counties from 10,000 thru 24,999"
458,South,Tennessee,East South Central,"Non-MSA counties from 25,000 thru 99,999"
459,South,Virginia,South Atlantic,"MSA counties from 10,000 thru 24,999"
460,Midwest,Wisconsin,East North Central,"Non-MSA counties under 10,000"
461,South,West Virginia,South Atlantic,"Non-MSA counties under 10,000"
462,South,West Virginia,South Atlantic,"MSA counties 100,000 or over"
463,West,Wyoming,Mountain,"Cities from 50,000 thru 99,999"
464,South,Florida,South Atlantic,"Non-MSA counties 100,000 or over"
465,South,Georgia,South Atlantic,"Cities from 50,000 thru 99,999"
466,South,Georgia,South Atlantic,"MSA counties from 25,000 thru 99,999"
467,South,Georgia,South Atlantic,"Non-MSA counties from 10,000 thru 24,999"
468,Midwest,Illinois,East North Central,"Non-MSA counties from 25,000 thru 99,999"
469,South,Louisiana,West South Central,"Cities from 25,000 thru 49,999"
470,Midwest,Minnesota,West North Central,"Non-MSA counties from 25,000 thru 99,999"
471,Midwest,Missouri,West North Central,"Non-MSA counties under 10,000"
472,West,Montana,Mountain,"Non-MSA counties from 10,000 thru 24,999"
473,Midwest,Nebraska,West North Central,"Cities from 2,500 thru 9,999"
474,Midwest,Nebraska,West North Central,"Cities from 250,000 thru 499,999"
475,Midwest,Nebraska,West North Central,"Cities from 100,000 thru 249,999"
476,Midwest,Nebraska,West North Central,"Non-MSA counties under 10,000"
477,South,North Carolina,South Atlantic,"Cities from 250,000 thru 499,999"
478,Northeast,New Hampshire,New England,"Cities from 2,500 thru 9,999"
479,Northeast,New Hampshire,New England,"Cities from 10,000 thru 24,999"
480,Northeast,New Hampshire,New England,"Cities from 25,000 thru 49,999"
481,West,New Mexico,Mountain,"MSA counties 100,000 or over"
482,West,New Mexico,Mountain,"MSA counties from 10,000 thru 24,999"
483,West,Nevada,Mountain,"Cities from 10,000 thru 24,999"
484,Northeast,New York,Middle Atlantic,"MSA counties from 10,000 thru 24,999"
485,South,Oklahoma,West South Central,"Non-MSA counties under 10,000"
486,South,Oklahoma,West South Central,"MSA counties from 10,000 thru 24,999"
487,Northeast,Pennsylvania,Middle Atlantic,"MSA counties from 10,000 thru 24,999"
488,South,South Carolina,South Atlantic,"Cities from 100,000 thru 249,999"
489,South,West Virginia,South Atlantic,"Non-MSA counties from 25,000 thru 99,999"
490,South,West Virginia,South Atlantic,"Cities from 10,000 thru 24,999"
491,South,West Virginia,South Atlantic,"MSA counties from 25,000 thru 99,999"
492,South,West Virginia,South Atlantic,"Cities from 50,000 thru 99,999"
493,South,West Virginia,South Atlantic,"MSA counties from 10,000 thru 24,999"
494,Northeast,Connecticut,New England,"Non-MSA counties 100,000 or over"
495,South,Delaware,South Atlantic,"Non-MSA counties 100,000 or over"
496,South,Georgia,South Atlantic,"Cities from 10,000 thru 24,999"
497,Northeast,New Hampshire,New England,"Cities under 2,500"
498,West,New Mexico,Mountain,"Non-MSA counties from 10,000 thru 24,999"
499,West,Oregon,Pacific,"Cities from 500,000 thru 999,999"
500,South,Tennessee,East South Central,"Non-MSA counties under 10,000"
501,West,Utah,Mountain,"MSA counties from 25,000 thru 99,999"
502,Northeast,Vermont,New England,"Cities from 25,000 thru 49,999"
503,South,West Virginia,South Atlantic,"Cities from 25,000 thru 49,999"
504,South,West Virginia,South Atlantic,"MSA counties under 10,000"
505,West,Wyoming,Mountain,"MSA counties from 10,000 thru 24,999"
506,South,District of Columbia,South Atlantic,"Cities under 2,500"
507,West,Idaho,Mountain,"MSA counties from 10,000 thru 24,999"
508,Midwest,Indiana,East North Central,"Non-MSA counties under 10,000"
509,Midwest,Indiana,East North Central,"Cities from 500,000 thru 999,999"
510,Midwest,Kansas,West North Central,"Non-MSA counties under 10,000"
511,Midwest,Kansas,West North Central,"Cities from 2,500 thru 9,999"
512,Midwest,Kansas,West North Central,"Cities from 25,000 thru 49,999"
513,Midwest,Kansas,West North Central,"Cities from 50,000 thru 99,999"
514,Midwest,Kansas,West North Central,"Cities under 2,500"
515,South,Kentucky,East South Central,"Non-MSA counties from 25,000 thru 99,999"
516,South,Maryland,South Atlantic,"Cities from 50,000 thru 99,999"
517,Northeast,Maine,New England,"MSA counties from 25,000 thru 99,999"
518,Midwest,Missouri,West North Central,"Non-MSA counties from 25,000 thru 99,999"
519,West,Montana,Mountain,"Cities from 10,000 thru 24,999"
520,Midwest,Nebraska,West North Central,"Cities under 2,500"
521,South,North Carolina,South Atlantic,"Cities from 500,000 thru 999,999"
522,West,Nevada,Mountain,"Cities 1,000,000 or over"
523,South,Oklahoma,West South Central,"Cities from 500,000 thru 999,999"
524,South,South Carolina,South Atlantic,"Non-MSA counties 100,000 or over"
525,Midwest,South Dakota,West North Central,Non-MSA State Police
526,South,Tennessee,East South Central,"Cities from 500,000 thru 999,999"
527,South,West Virginia,South Atlantic,"Non-MSA counties from 10,000 thru 24,999"
528,West,Arizona,Mountain,"Non-MSA counties from 10,000 thru 24,999"
529,South,Georgia,South Atlantic,"Non-MSA counties under 10,000"
530,South,Georgia,South Atlantic,"MSA counties 100,000 or over"
531,Midwest,Kansas,West North Central,"Cities from 100,000 thru 249,999"
532,Midwest,North Dakota,West North Central,"Cities from 2,500 thru 9,999"
533,Midwest,Ohio,East North Central,"MSA counties under 10,000"
534,South,Tennessee,East South Central,"MSA counties under 10,000"
535,South,Tennessee,East South Central,"MSA counties from 10,000 thru 24,999"
536,South,Alabama,East South Central,"Cities from 25,000 thru 49,999"
537,South,Alabama,East South Central,"MSA counties from 10,000 thru 24,999"
538,Midwest,Kansas,West North Central,"Non-MSA counties from 25,000 thru 99,999"
539,South,Louisiana,West South Central,"MSA counties 100,000 or over"
540,South,Oklahoma,West South Central,"MSA counties under 10,000"
541,West,Oregon,Pacific,"MSA counties from 10,000 thru 24,999"
542,South,South Carolina,South Atlantic,"MSA counties from 10,000 thru 24,999"
543,South,Tennessee,East South Central,MSA State Police
544,South,Arkansas,West South Central,"MSA counties under 10,000"
545,South,Arkansas,West South Central,"MSA counties from 10,000 thru 24,999"
546,West,Colorado,Mountain,"Non-MSA counties from 25,000 thru 99,999"
547,South,Florida,South Atlantic,"MSA counties from 10,000 thru 24,999"
548,South,Georgia,South Atlantic,"MSA counties from 10,000 thru 24,999"
549,Midwest,Kansas,West North Central,"MSA counties under 10,000"
550,South,Kentucky,East South Central,"Cities from 500,000 thru 999,999"
551,Midwest,North Dakota,West North Central,"MSA counties under 10,000"
552,South,Oklahoma,West South Central,"Non-MSA counties from 25,000 thru 99,999"
553,West,Utah,Mountain,"MSA counties 100,000 or over"
554,Midwest,Kansas,West North Central,"Non-MSA counties from 10,000 thru 24,999"
555,Midwest,Kansas,West North Central,"MSA counties from 10,000 thru 24,999"
556,Northeast,Massachusetts,New England,"MSA counties from 10,000 thru 24,999"
557,Midwest,Michigan,East North Central,"MSA counties from 10,000 thru 24,999"
558,South,Mississippi,East South Central,"MSA counties from 10,000 thru 24,999"
559,Midwest,Nebraska,West North Central,"MSA counties from 25,000 thru 99,999"
560,Northeast,New Hampshire,New England,"MSA counties under 10,000"
561,Midwest,Ohio,East North Central,"MSA counties from 10,000 thru 24,999"
562,West,Idaho,Mountain,"MSA counties under 10,000"
563,South,Louisiana,West South Central,"Non-MSA counties from 25,000 thru 99,999"
564,South,Louisiana,West South Central,"Non-MSA counties under 10,000"
565,Northeast,Maine,New England,"MSA counties under 10,000"
566,Midwest,Nebraska,West North Central,"MSA counties from 10,000 thru 24,999"
567,South,Oklahoma,West South Central,"Cities from 100,000 thru 249,999"
568,South,South Carolina,South Atlantic,"MSA counties under 10,000"
569,South,South Carolina,South Atlantic,"Non-MSA counties under 10,000"
570,Midwest,South Dakota,West North Central,"MSA counties from 25,000 thru 99,999"
571,West,Washington,Pacific,"MSA counties from 10,000 thru 24,999"
572,West,Colorado,Mountain,"MSA counties under 10,000"
573,U.S. Territories,Guam,U.S. Territories,"Possessions (Puerto Rico, Guam, Canal Zone, Virgin Islands, and American Samoa)"
574,Northeast,Massachusetts,New England,MSA State Police
575,Midwest,North Dakota,West North Central,"Non-MSA counties from 10,000 thru 24,999"
576,West,New Mexico,Mountain,"Cities from 500,000 thru 999,999"
577,West,Nevada,Mountain,"Non-MSA counties from 10,000 thru 24,999"
578,West,Nevada,Mountain,"MSA counties 100,000 or over"
579,South,Alabama,East South Central,"Cities from 50,000 thru 99,999"
580,South,Alabama,East South Central,"Non-MSA counties from 10,000 thru 24,999"
581,South,Alabama,East South Central,"MSA counties from 25,000 thru 99,999"
582,West,Montana,Mountain,"Cities from 100,000 thru 249,999"
583,South,North Carolina,South Atlantic,"Non-MSA counties 100,000 or over"
584,Northeast,Vermont,New England,"MSA counties from 25,000 thru 99,999"
585,West,Alaska,Pacific,"Cities from 2,500 thru 9,999"
586,West,Colorado,Mountain,"MSA counties from 10,000 thru 24,999"
587,South,Georgia,South Atlantic,"MSA counties under 10,000"
588,South,Georgia,South Atlantic,"Cities from 500,000 thru 999,999"
589,Midwest,Indiana,East North Central,"Cities from 250,000 thru 499,999"
590,South,Maryland,South Atlantic,"Non-MSA counties 100,000 or over"
591,Midwest,Minnesota,West North Central,"Cities from 100,000 thru 249,999"
592,Northeast,New Hampshire,New England,"Cities from 100,000 thru 249,999"
593,Northeast,Pennsylvania,Middle Atlantic,"Non-MSA counties under 10,000"
594,Northeast,Pennsylvania,Middle Atlantic,MSA State Police
595,West,Wyoming,Mountain,"MSA counties from 25,000 thru 99,999"
596,Midwest,Indiana,East North Central,"MSA counties under 10,000"
597,South,Kentucky,East South Central,Non-MSA State Police
598,South,Mississippi,East South Central,"Cities from 50,000 thru 99,999"
599,South,Delaware,South Atlantic,"Cities from 10,000 thru 24,999"
600,South,Georgia,South Atlantic,"Cities from 25,000 thru 49,999"
601,West,Idaho,Mountain,"MSA counties 100,000 or over"
602,Midwest,Missouri,West North Central,Non-MSA State Police
603,Midwest,North Dakota,West North Central,"Cities from 100,000 thru 249,999"
604,West,Nevada,Mountain,"Cities from 250,000 thru 499,999"
605,South,Alabama,East South Central,"Non-MSA counties under 10,000"
606,South,Alabama,East South Central,"Non-MSA counties from 25,000 thru 99,999"
607,South,Georgia,South Atlantic,"Cities from 100,000 thru 249,999"
608,Midwest,Minnesota,West North Central,"MSA counties 100,000 or over"
609,Northeast,New York,Middle Atlantic,"Non-MSA counties from 10,000 thru 24,999"
610,Midwest,South Dakota,West North Central,"Cities from 25,000 thru 49,999"
611,West,Montana,Mountain,"MSA counties under 10,000"
612,Midwest,Iowa,West North Central,"MSA counties under 10,000"
613,Midwest,Missouri,West North Central,"MSA counties under 10,000"
614,Midwest,Nebraska,West North Central,"Cities from 50,000 thru 99,999"
615,West,Washington,Pacific,"MSA counties under 10,000"
616,South,Delaware,South Atlantic,MSA State Police
617,West,Alaska,Pacific,"Cities under 2,500"
618,West,Alaska,Pacific,"Cities from 25,000 thru 49,999"
619,Northeast,Rhode Island,New England,MSA State Police
620,Midwest,South Dakota,West North Central,"MSA counties under 10,000"
621,Midwest,Wisconsin,East North Central,"Cities from 250,000 thru 499,999"
622,West,Alaska,Pacific,"Non-MSA counties 100,000 or over"
623,Midwest,Kansas,West North Central,Non-MSA State Police
624,Northeast,New Hampshire,New England,"Non-MSA counties from 10,000 thru 24,999"
625,Northeast,New Jersey,Middle Atlantic,Non-MSA State Police
626,Midwest,South Dakota,West North Central,"Non-MSA counties from 10,000 thru 24,999"
627,Other,Federal,Other,"Cities under 2,500"
628,West,Hawaii,Pacific,"Cities from 500,000 thru 999,999"
