offense_id,offensename
0,Intimidation
1,Simple Assault
2,Aggravated Assault
3,Destruction/Damage/Vandalism of Property
4,Robbery
5,Murder and Nonnegligent Manslaughter
6,Not Specified
7,Arson
8,Burglary/Breaking & Entering
9,Rape
10,Motor Vehicle Theft
11,Drug/Narcotic Violations
12,Weapon Law Violations
13,Theft From Motor Vehicle
14,All Other Larceny
15,Shoplifting
16,Theft of Motor Vehicle Parts or Accessories
17,Fondling
18,Counterfeiting/Forgery
19,Kidnapping/Abduction
20,Theft From Building
21,Pornography/Obscene Material
22,Embezzlement
23,Purse-snatching
24,Sodomy
25,Drug Equipment Violations
26,Credit Card/Automated Teller Machine Fraud
27,Sexual Assault With An Object
28,False Pretenses/Swindle/Confidence Game
29,Pocket-picking
30,Welfare Fraud
31,Stolen Property Offenses
32,Extortion/Blackmail
33,Incest
34,Impersonation
35,Negligent Manslaughter
36,Statutory Rape
37,Theft From Coin-Operated Machine or Device
38,Prostitution
39,Wire Fraud
40,Assisting or Promoting Prostitution
41,Purchasing Prostitution
42,Bribery
43,Identity Theft
44,"Human Trafficking, Commercial Sex Acts"
45,Hacking/Computer Invasion
46,Betting/Wagering
47,Animal Cruelty
